metric,test,statistic,p_value,significant,effect_size,effect_size_name,prng_mean,qrng_mean
path_length,Mann-Whitney U,5585.5,0.15146145332583455,False,-0.11709999999999998,Rank-biserial r,51.88,49.2
tortuosity,Mann-Whitney U,5585.5,0.15146145332583455,False,-0.11709999999999998,Rank-biserial r,2.1616666666666666,2.05
dead_end_count,Mann-Whitney U,4998.0,0.9970035240740163,False,0.00039999999999995595,Rank-biserial r,6.7,6.69
junction_3_proportion,Mann-Whitney U,5003.5,0.9802102245732451,False,-0.0006999999999999229,Rank-biserial r,0.9946666666666667,0.9926666666666667
junction_4_proportion,Mann-Whitney U,4996.5,0.9802102245732451,False,0.0007000000000000339,Rank-biserial r,0.005333333333333332,0.007333333333333334
turn_count,Mann-Whitney U,5040.5,0.9207249433251292,False,-0.008099999999999996,Rank-biserial r,6.29,6.29
straight_count,Mann-Whitney U,4977.0,0.9557524909173395,False,0.0046000000000000485,Rank-biserial r,4.08,4.06
